{"cameraMode":{"drawMode":0,"name":"Shaded","section":"Shading Mode"},"sceneLighting":true,"audioPlay":false,"sceneViewState":{"showFog":true,"showMaterialUpdate":false,"showSkybox":true,"showFlares":true,"showImageEffects":true,"showParticleSystems":true},"in2DMode":false,"pivot":{"x":-4.100000381469727,"y":3.7100000381469728,"z":0.6099996566772461},"rotation":{"x":0.06445538997650147,"y":-0.0059868087992072109,"z":0.0003992914280388504,"w":0.9979207515716553},"size":5.959986209869385,"orthographic":false}