{"cameraMode":{"drawMode":0,"name":"Shaded","section":"Shading Mode"},"sceneLighting":false,"audioPlay":false,"sceneViewState":{"showFog":true,"showMaterialUpdate":false,"showSkybox":false,"showFlares":true,"showImageEffects":true,"showParticleSystems":true},"in2DMode":false,"pivot":{"x":0.38999998569488528,"y":1.5550000667572022,"z":-3.7899999618530275},"rotation":{"x":0.046483661979436877,"y":0.001498187193647027,"z":-0.00007221334817586467,"w":0.9989286661148071},"size":0.9422447681427002,"orthographic":false}