{"cameraMode":{"drawMode":0,"name":"Shaded","section":"Shading Mode"},"sceneLighting":true,"audioPlay":false,"sceneViewState":{"showFog":true,"showMaterialUpdate":false,"showSkybox":true,"showFlares":true,"showImageEffects":true,"showParticleSystems":true},"in2DMode":false,"pivot":{"x":44.15131378173828,"y":-89.37960052490235,"z":209.17576599121095},"rotation":{"x":0.20305784046649934,"y":0.09675914794206619,"z":-0.020168613642454149,"w":0.9741669297218323},"size":130.202880859375,"orthographic":false}