{"cameraMode":{"drawMode":0,"name":"Shaded","section":"Shading Mode"},"sceneLighting":true,"audioPlay":false,"sceneViewState":{"showFog":true,"showMaterialUpdate":false,"showSkybox":true,"showFlares":true,"showImageEffects":true,"showParticleSystems":true},"in2DMode":false,"pivot":{"x":-0.17000000178813935,"y":2.3299999237060549,"z":0.44999998807907107},"rotation":{"x":0.053675681352615359,"y":-0.7227024435997009,"z":0.0564853809773922,"w":0.6867533326148987},"size":10.0,"orthographic":true}