{"cameraMode":{"drawMode":0,"name":"Shaded","section":"Shading Mode"},"sceneLighting":true,"audioPlay":false,"sceneViewState":{"showFog":true,"showMaterialUpdate":false,"showSkybox":true,"showFlares":true,"showImageEffects":true,"showParticleSystems":true},"in2DMode":false,"pivot":{"x":312.7607421875,"y":246.82177734375,"z":4.611419677734375},"rotation":{"x":-0.01199977658689022,"y":-0.002999988617375493,"z":-0.000023474645786336623,"w":0.9999415278434753},"size":236.25665283203126,"orthographic":false}