{"cameraMode":{"drawMode":0,"name":"Shaded","section":"Shading Mode"},"sceneLighting":true,"audioPlay":false,"sceneViewState":{"showFog":true,"showMaterialUpdate":false,"showSkybox":true,"showFlares":true,"showImageEffects":true,"showParticleSystems":true},"in2DMode":false,"pivot":{"x":2.9499616622924806,"y":0.4299997091293335,"z":-2.9000086784362795},"rotation":{"x":0.06445538997650147,"y":-0.0059868087992072109,"z":0.0003992914280388504,"w":0.9979207515716553},"size":0.9949875473976135,"orthographic":false}